City_ID,City,Country,Date,Lat,Lng,Max Temp,Humidity,Cloudiness,Wind Speed
0,New Norfolk,AU,2022-04-11 14:46:18,-42.7826,147.0587,51.89,65,52,1.01
1,Sydney,AU,2022-04-11 14:42:11,-33.8679,151.2073,67.71,90,100,26.46
2,Grindavik,IS,2022-04-11 14:46:19,63.8424,-22.4338,45.07,57,40,19.57
3,Pevek,RU,2022-04-11 14:46:19,69.7008,170.3133,-24.47,100,68,7.87
4,Dudinka,RU,2022-04-11 14:46:19,69.4058,86.1778,-6.11,94,32,6.82
5,Avarua,CK,2022-04-11 14:46:20,-21.2078,-159.775,75.25,100,100,2.3
6,Ushuaia,AR,2022-04-11 14:44:53,-54.8,-68.3,40.66,93,100,13.8
7,Rikitea,PF,2022-04-11 14:46:20,-23.1203,-134.9692,78.91,73,2,19.39
8,Punta Arenas,CL,2022-04-11 14:45:32,-53.15,-70.9167,44.62,93,97,19.15
9,Nikolskoye,RU,2022-04-11 14:46:21,59.7035,30.7861,46.87,77,100,5.3
10,Saint George,US,2022-04-11 14:42:15,37.1041,-113.5841,43.39,21,0,0.0
11,Kavieng,PG,2022-04-11 14:46:22,-2.5744,150.7967,82.09,76,8,12.37
12,Kununurra,AU,2022-04-11 14:45:14,-15.7667,128.7333,71.58,78,89,0.0
13,East London,ZA,2022-04-11 14:42:33,-33.0153,27.9116,68.94,88,0,12.66
14,Busselton,AU,2022-04-11 14:46:22,-33.65,115.3333,58.78,79,7,10.76
15,Payo,ID,2022-04-11 14:46:23,-3.7508,103.6372,74.14,96,87,1.88
16,Kottagudem,IN,2022-04-11 14:46:24,17.55,80.6333,92.08,37,67,9.55
17,Mweka,CD,2022-04-11 14:46:24,-4.85,21.5667,84.94,54,79,0.4
18,Jimenez,MX,2022-04-11 14:46:24,28.3333,-105.4,68.0,27,11,8.23
19,Antalaha,MG,2022-04-11 14:46:25,-14.9003,50.2788,78.44,77,64,10.63
20,Coahuayana,MX,2022-04-11 14:46:26,18.7333,-103.6833,86.47,45,22,2.15
21,Butaritari,KI,2022-04-11 14:46:26,3.0707,172.7902,79.63,80,76,5.79
22,Ponta Do Sol,PT,2022-04-11 14:46:26,32.6667,-17.1,68.0,63,100,14.99
23,Constitucion,CL,2022-04-11 14:46:27,-35.3333,-72.4167,57.94,53,30,7.72
24,Hami,CN,2022-04-11 14:46:27,42.8,93.45,57.34,12,42,9.04
25,Pisco,PE,2022-04-11 14:46:28,-13.7,-76.2167,72.01,64,0,11.5
26,Rio Gallegos,AR,2022-04-11 14:46:28,-51.6226,-69.2181,50.05,71,75,8.05
27,Netarhat,IN,2022-04-11 14:46:28,23.4833,84.2667,77.04,11,99,1.79
28,Bilibino,RU,2022-04-11 14:46:29,68.0546,166.4372,-23.21,100,100,3.8
29,Nongan,CN,2022-04-11 14:46:29,44.382,125.1685,42.98,62,100,8.03
30,Maniitsoq,GL,2022-04-11 14:46:30,65.4167,-52.9,31.98,68,100,4.72
31,Catamarca,AR,2022-04-11 14:46:30,-28.4696,-65.7852,66.58,85,86,1.01
32,Providencia,MX,2022-04-11 14:46:31,28.7167,-111.5833,70.21,82,0,13.04
33,La Asuncion,VE,2022-04-11 14:46:31,11.0333,-63.8628,82.13,78,23,18.41
34,Kapaa,US,2022-04-11 14:46:32,22.0752,-159.319,71.92,97,75,8.05
35,Arraial Do Cabo,BR,2022-04-11 14:46:32,-22.9661,-42.0278,82.26,61,40,6.91
36,Tuatapere,NZ,2022-04-11 14:46:33,-46.1333,167.6833,50.95,93,100,5.75
37,Vila Franca Do Campo,PT,2022-04-11 14:46:33,37.7167,-25.4333,59.41,82,98,13.31
38,Camacha,PT,2022-04-11 14:46:33,33.0833,-16.3333,62.02,63,20,16.11
39,Beloha,MG,2022-04-11 14:46:34,-25.1667,45.05,73.89,80,71,19.01
40,Carnarvon,AU,2022-04-11 14:46:34,-24.8667,113.6333,69.87,64,40,16.11
41,Cabedelo,BR,2022-04-11 14:44:48,-6.9811,-34.8339,84.87,60,100,9.73
42,Sao Jose Da Coroa Grande,BR,2022-04-11 14:46:35,-8.8978,-35.1478,83.71,62,93,4.76
43,Bethel,US,2022-04-11 14:47:35,41.3712,-73.414,53.01,50,0,4.61
44,Raudeberg,NO,2022-04-11 14:47:36,61.9875,5.1352,40.96,60,97,7.47
45,Lasa,IT,2022-04-11 14:47:36,46.6166,10.7002,58.69,65,40,2.89
46,Tucurui,BR,2022-04-11 14:47:37,-3.7661,-49.6725,86.36,69,96,0.18
47,Bredasdorp,ZA,2022-04-11 14:47:37,-34.5322,20.0403,74.34,53,1,11.39
48,Benghazi,LY,2022-04-11 14:47:37,32.1167,20.0667,60.94,54,0,19.01
49,Yellowknife,CA,2022-04-11 14:47:38,62.456,-114.3525,9.12,72,100,10.36
50,Makaha,US,2022-04-11 14:47:38,21.4694,-158.2175,74.05,77,39,5.44
51,Atuona,PF,2022-04-11 14:47:39,-9.8,-139.0333,78.87,78,23,17.45
52,Altay,CN,2022-04-11 14:47:39,47.8667,88.1167,34.03,44,0,10.89
53,Klaksvik,FO,2022-04-11 14:47:39,62.2266,-6.589,40.12,71,100,22.97
54,Kasempa,ZM,2022-04-11 14:47:40,-13.4584,25.8338,70.02,88,93,4.7
55,Puerto Carreno,CO,2022-04-11 14:47:40,6.189,-67.4859,85.98,66,93,9.22
56,Port Alfred,ZA,2022-04-11 14:47:40,-33.5906,26.891,71.19,79,100,8.01
57,Dakar,SN,2022-04-11 14:44:34,14.6937,-17.4441,81.48,73,20,19.57
58,Guerrero Negro,MX,2022-04-11 14:47:42,27.9769,-114.0611,60.78,71,3,5.93
59,Cape Town,ZA,2022-04-11 14:44:30,-33.9258,18.4232,83.1,37,0,12.66
60,Faanui,PF,2022-04-11 14:47:42,-16.4833,-151.75,82.18,67,40,14.41
61,San Quintin,MX,2022-04-11 14:47:43,30.4833,-115.95,59.4,71,9,3.53
62,Hlohovec,SK,2022-04-11 14:47:43,48.4317,17.8031,54.63,35,67,5.35
63,Rio Grande,BR,2022-04-11 14:47:44,-32.035,-52.0986,72.95,73,100,14.56
64,Aklavik,CA,2022-04-11 14:47:44,68.2191,-135.0107,-11.58,96,46,2.21
65,Hermanus,ZA,2022-04-11 14:46:42,-34.4187,19.2345,81.81,59,0,3.49
66,Vanimo,PG,2022-04-11 14:47:44,-2.6741,141.3028,78.66,89,22,7.9
67,Bambous Virieux,MU,2022-04-11 14:47:45,-20.3428,57.7575,77.25,88,75,11.5
68,Guerrero,MX,2022-04-11 14:45:17,17.6667,-100.0,79.18,45,72,3.11
69,Puerto Ayora,EC,2022-04-11 14:47:45,-0.7393,-90.3518,80.56,91,100,3.0
70,Lazarev,RU,2022-04-11 14:47:45,52.225,141.5131,26.65,89,100,16.49
71,Hilo,US,2022-04-11 14:47:46,19.7297,-155.09,71.33,89,100,3.44
72,Mataura,NZ,2022-04-11 14:47:46,-46.1927,168.8643,50.49,99,100,3.06
73,Saint-Philippe,RE,2022-04-11 14:47:46,-21.3585,55.7679,76.59,84,66,16.04
74,Aitape,PG,2022-04-11 14:47:47,-3.1374,142.3475,79.23,87,3,7.78
75,Bengkulu,ID,2022-04-11 14:45:29,-3.8004,102.2655,78.15,82,12,3.22
76,Resistencia,AR,2022-04-11 14:47:47,-27.4606,-58.9839,69.78,94,75,8.05
77,Port Hardy,CA,2022-04-11 14:47:48,50.6996,-127.4199,41.0,69,20,9.22
78,Jamestown,US,2022-04-11 14:46:11,42.097,-79.2353,52.72,38,100,1.01
79,Karratha,AU,2022-04-11 14:47:48,-20.7377,116.8463,84.61,28,2,12.66
80,Kungurtug,RU,2022-04-11 14:47:48,50.5994,97.5228,17.6,89,52,2.95
81,Tuktoyaktuk,CA,2022-04-11 14:47:49,69.4541,-133.0374,-13.0,77,20,9.22
82,Dikson,RU,2022-04-11 14:47:49,73.5069,80.5464,0.66,92,90,8.57
83,College,US,2022-04-11 14:47:49,64.8569,-147.8028,24.8,84,40,3.44
84,Morant Bay,JM,2022-04-11 14:47:50,17.8815,-76.4093,83.82,80,40,15.21
85,Port Elizabeth,ZA,2022-04-11 14:43:24,-33.918,25.5701,77.09,81,0,18.41
86,Lastoursville,GA,2022-04-11 14:47:50,-0.8143,12.7287,84.94,70,99,2.51
87,Sokolka,PL,2022-04-11 14:47:51,53.4072,23.5023,47.66,43,94,8.28
88,Sao Felix Do Xingu,BR,2022-04-11 14:47:51,-6.6447,-51.995,88.52,57,41,2.35
89,Cidreira,BR,2022-04-11 14:48:51,-30.1811,-50.2056,69.57,90,100,14.88
90,Korla,CN,2022-04-11 14:48:52,41.7597,86.1469,64.58,26,90,5.64
91,Bluff,NZ,2022-04-11 14:48:52,-46.6,168.3333,50.81,82,100,4.14
92,Cockburn Town,TC,2022-04-11 14:48:52,21.4612,-71.1419,76.46,80,16,17.2
93,Baie-Comeau,CA,2022-04-11 14:43:57,49.2168,-68.1489,44.28,49,0,8.05
94,Toowoomba,AU,2022-04-11 14:48:53,-27.55,151.9667,63.25,90,22,3.04
95,Kieta,PG,2022-04-11 14:48:53,-6.2167,155.6333,79.61,82,18,1.88
96,Lagoa,PT,2022-04-11 14:46:24,39.05,-27.9833,58.73,89,100,22.28
97,Manta,EC,2022-04-11 14:48:54,-0.95,-80.7333,80.38,78,75,2.3
98,Puerto Leguizamo,CO,2022-04-11 14:48:54,-0.1934,-74.7819,82.98,67,97,0.92
99,Kavaratti,IN,2022-04-11 14:48:54,10.5669,72.642,83.95,73,37,11.9
100,Portland,US,2022-04-11 14:48:27,45.5234,-122.6762,36.68,95,100,9.22
101,Qasigiannguit,GL,2022-04-11 14:48:55,68.8193,-51.1922,28.65,67,100,1.41
102,Knysna,ZA,2022-04-11 14:48:55,-34.0363,23.0471,72.52,63,57,8.52
103,Albany,US,2022-04-11 14:48:55,42.6001,-73.9662,47.17,50,0,3.49
104,Tiksi,RU,2022-04-11 14:48:04,71.6872,128.8694,-11.76,99,50,8.08
105,Alcains,PT,2022-04-11 14:48:56,39.9164,-7.4566,58.51,76,100,15.23
106,Brigantine,US,2022-04-11 14:48:56,39.4101,-74.3646,55.2,45,0,3.44
107,Silver City,US,2022-04-11 14:48:57,32.7701,-108.2803,56.68,42,0,11.01
108,Nome,US,2022-04-11 14:48:57,64.5011,-165.4064,28.47,69,0,17.27
109,Barstow,US,2022-04-11 14:48:57,34.8986,-117.0228,56.39,37,41,27.87
110,Comodoro Rivadavia,AR,2022-04-11 14:48:51,-45.8667,-67.5,58.86,51,0,18.41
111,Sergeyevka,KZ,2022-04-11 14:48:58,53.88,67.4158,48.45,42,100,13.09
112,Ostrovnoy,RU,2022-04-11 14:48:58,68.0531,39.5131,35.35,89,57,28.01
113,Touros,BR,2022-04-11 14:48:58,-5.1989,-35.4608,87.76,57,98,12.93
114,Souillac,MU,2022-04-11 14:48:59,-20.5167,57.5167,77.38,88,75,11.5
115,Palana,RU,2022-04-11 14:48:59,59.1167,159.9667,10.18,94,100,9.53
116,Kurchum,KZ,2022-04-11 14:48:59,48.5722,83.6542,42.15,48,9,9.37
117,Jaru,BR,2022-04-11 14:49:00,-10.4389,-62.4664,82.02,78,100,6.11
118,Sao Leopoldo,BR,2022-04-11 14:49:00,-29.7603,-51.1472,73.76,83,100,1.01
119,Hirara,JP,2022-04-11 14:49:01,24.8,125.2833,73.83,91,8,14.09
120,Laela,TZ,2022-04-11 14:49:01,-8.5667,32.05,70.21,78,54,2.71
121,Hambantota,LK,2022-04-11 14:49:01,6.1241,81.1185,79.65,86,100,8.37
122,Norman Wells,CA,2022-04-11 14:49:02,65.282,-126.8329,5.04,72,100,10.36
123,Kinablangan,PH,2022-04-11 14:49:02,7.6947,126.5503,78.6,86,100,5.1
124,Hasaki,JP,2022-04-11 14:49:03,35.7333,140.8333,61.29,86,100,15.66
125,Yatou,CN,2022-04-11 14:49:04,37.15,122.3833,53.85,88,51,9.28
126,Gat,IL,2022-04-11 14:49:05,31.61,34.7642,70.39,26,0,14.14
127,Shache,CN,2022-04-11 14:49:05,38.4167,77.2406,74.21,13,100,8.39
128,Clyde River,CA,2022-04-11 14:48:14,70.4692,-68.5914,-0.17,92,100,5.75
129,Bam,IR,2022-04-11 14:49:06,29.106,58.357,80.22,8,37,7.43
130,Wajid,SO,2022-04-11 14:49:06,3.8093,43.2471,89.8,35,92,3.6
131,Kutum,SD,2022-04-11 14:49:07,14.2,24.6667,93.54,6,9,9.13
132,Canmore,CA,2022-04-11 14:49:07,51.0834,-115.3521,18.81,62,100,1.14
133,Aizawl,IN,2022-04-11 14:49:08,23.7333,92.7167,54.57,93,98,3.89
134,Petropavlovsk-Kamchatskiy,RU,2022-04-11 14:50:08,53.0452,158.6483,30.79,69,75,2.24
135,Bathsheba,BB,2022-04-11 14:50:09,13.2167,-59.5167,84.81,65,20,23.02
136,Nanortalik,GL,2022-04-11 14:50:09,60.1432,-45.2371,34.88,54,89,6.26
137,Chuy,UY,2022-04-11 14:50:10,-33.6971,-53.4616,72.18,81,98,11.45
138,Hualmay,PE,2022-04-11 14:50:10,-11.0964,-77.6139,70.99,79,91,8.7
139,Pemba,MZ,2022-04-11 14:50:11,-12.974,40.5178,86.7,74,20,11.48
140,Pyshchug,RU,2022-04-11 14:50:11,58.8873,45.7134,46.58,97,100,6.91
141,Bonavista,CA,2022-04-11 14:50:12,48.6499,-53.1147,32.04,98,100,17.11
142,Longyearbyen,SJ,2022-04-11 14:47:54,78.2186,15.6401,8.44,66,20,16.11
143,Avera,US,2022-04-11 14:50:12,33.194,-82.5271,69.39,54,7,7.49
144,Sarakhs,IR,2022-04-11 14:50:13,36.5449,61.1577,71.51,40,4,8.12
145,Caravelas,BR,2022-04-11 14:50:13,-17.7125,-39.2481,80.33,81,53,2.8
146,Kichmengskiy Gorodok,RU,2022-04-11 14:50:14,59.9816,45.7854,42.19,99,100,6.04
147,Kodiak,US,2022-04-11 14:50:14,57.79,-152.4072,27.91,64,0,4.61
148,Viradouro,BR,2022-04-11 14:50:15,-20.8731,-48.2969,87.94,43,36,4.0
149,Arman,RU,2022-04-11 14:50:15,59.7,150.1667,-2.99,83,7,9.15
150,Gualaceo,EC,2022-04-11 14:50:15,-2.9,-78.7833,58.66,71,53,4.76
151,Maltahohe,NA,2022-04-11 14:50:16,-24.8333,16.9833,84.58,12,0,7.25
152,Hofn,IS,2022-04-11 14:50:16,64.2539,-15.2082,37.42,65,100,12.66
153,Upernavik,GL,2022-04-11 14:50:17,72.7868,-56.1549,14.23,91,100,6.67
154,Fujin,CN,2022-04-11 14:50:17,47.26,132.0322,37.58,72,100,8.9
155,Raga,SS,2022-04-11 14:50:18,8.4596,25.678,92.93,32,93,8.12
156,Mar Del Plata,AR,2022-04-11 14:49:43,-38.0023,-57.5575,69.1,99,100,9.22
157,Batticaloa,LK,2022-04-11 14:50:18,7.7102,81.6924,80.89,78,98,4.59
158,Saskylakh,RU,2022-04-11 14:50:19,71.9167,114.0833,-10.32,100,96,2.91
159,Camana,PE,2022-04-11 14:50:19,-16.6228,-72.7111,70.41,70,48,9.71
160,Mackay,AU,2022-04-11 14:50:19,-21.15,149.2,73.38,94,75,6.91
161,Poum,NC,2022-04-11 14:50:20,-20.2333,164.0167,78.82,75,9,9.28
162,Lebu,CL,2022-04-11 14:49:17,-37.6167,-73.65,54.55,61,45,3.76
163,Naze,JP,2022-04-11 14:50:20,28.3667,129.4833,67.12,92,100,8.19
164,Yar-Sale,RU,2022-04-11 14:50:21,66.8333,70.8333,34.47,99,100,11.72
165,Kloulklubed,PW,2022-04-11 14:50:22,7.0419,134.2556,82.81,85,100,24.81
166,Kelvington,CA,2022-04-11 14:50:23,52.1667,-103.5343,17.87,88,100,13.8
167,Waingapu,ID,2022-04-11 14:50:23,-9.6567,120.2641,77.47,78,79,4.54
168,Salalah,OM,2022-04-11 14:50:24,17.0151,54.0924,82.67,63,0,4.92
169,Sigli,ID,2022-04-11 14:49:20,5.3848,95.9609,80.47,81,100,3.87
170,Georgetown,MY,2022-04-11 14:50:24,5.4112,100.3354,82.33,83,20,2.3
171,Kidal,ML,2022-04-11 14:50:25,18.4411,1.4078,105.69,5,1,12.8
172,Bull Savanna,JM,2022-04-11 14:50:25,17.8868,-77.5902,81.64,60,17,8.32
173,Figeac,FR,2022-04-11 14:50:25,44.75,1.9167,57.58,55,98,15.59
174,Namibe,AO,2022-04-11 14:48:02,-15.1961,12.1522,79.43,69,40,9.22
175,Vaini,TO,2022-04-11 14:50:26,-21.2,-175.2,77.16,94,75,8.05
176,Aksay,RU,2022-04-11 14:50:27,47.26,39.87,72.25,34,62,13.0
177,Dovers,VC,2022-04-11 14:50:27,12.8833,-61.1833,83.79,78,76,16.62
178,Zavitinsk,RU,2022-04-11 14:50:27,50.1167,129.45,27.61,88,39,6.49
179,Marzuq,YE,2022-04-11 14:50:28,14.4,46.4667,81.21,20,0,18.86
180,Eselnita,RO,2022-04-11 14:50:28,44.6992,22.3622,50.7,49,67,13.69
181,Valparaiso,CL,2022-04-11 14:50:29,-33.0393,-71.6273,66.43,64,0,4.61
182,Salinopolis,BR,2022-04-11 14:50:29,-0.6136,-47.3561,79.54,86,100,4.61
183,Khatanga,RU,2022-04-11 14:51:30,71.9667,102.5,-11.25,100,89,1.86
184,Pacific Grove,US,2022-04-11 14:48:26,36.6177,-121.9166,51.48,83,73,5.01
185,Tasiilaq,GL,2022-04-11 14:51:30,65.6145,-37.6368,20.61,67,53,3.8
186,Coari,BR,2022-04-11 14:51:31,-4.085,-63.1414,84.2,67,98,2.68
187,Yarmouth,US,2022-04-11 14:51:31,41.7057,-70.2286,53.65,60,0,11.99
188,Sosnogorsk,RU,2022-04-11 14:51:31,63.6023,53.8817,36.84,100,100,7.52
189,Boguchany,RU,2022-04-11 14:51:33,58.3814,97.4531,28.4,93,100,3.09
190,Hokitika,NZ,2022-04-11 14:51:33,-42.7167,170.9667,55.4,86,100,7.02
191,Ouallam,NE,2022-04-11 14:51:34,14.3188,2.0866,108.39,12,13,3.74
192,Leningradskiy,RU,2022-04-11 14:51:34,69.3833,178.4167,-14.4,99,100,3.62
193,Tsabong,BW,2022-04-11 14:51:34,-26.0217,22.401,77.74,39,60,3.42
194,Deputatskiy,RU,2022-04-11 14:51:35,69.3,139.9,-10.39,87,81,4.47
195,Provideniya,RU,2022-04-11 14:50:31,64.3833,-173.3,20.19,91,95,8.93
196,Schrobenhausen,DE,2022-04-11 14:51:35,48.55,11.2667,58.71,40,75,9.22
197,Xai-Xai,MZ,2022-04-11 14:51:36,-25.0519,33.6442,73.74,87,64,9.24
198,Airai,TL,2022-04-11 14:51:36,-8.9266,125.4092,59.95,64,100,1.86
199,Thompson,CA,2022-04-11 14:48:17,55.7435,-97.8558,26.76,80,75,8.05
200,Ribeira Grande,PT,2022-04-11 14:51:36,38.5167,-28.7,61.2,82,75,18.41
201,San Policarpo,PH,2022-04-11 14:51:37,12.1791,125.5072,77.34,93,97,7.16
202,Imperia,IT,2022-04-11 14:51:37,43.9667,7.7833,59.09,73,31,7.31
203,Emerald,AU,2022-04-11 14:51:37,-23.5333,148.1667,75.34,46,4,8.05
204,Luderitz,NA,2022-04-11 14:47:55,-26.6481,15.1594,73.56,53,5,4.34
205,Puerto Escondido,MX,2022-04-11 14:51:36,15.85,-97.0667,85.8,55,11,5.99
206,Qaanaaq,GL,2022-04-11 14:51:38,77.484,-69.3632,-2.22,73,54,4.45
207,Victoria,HK,2022-04-11 14:49:55,22.2855,114.1577,77.38,79,0,5.99
208,Tefe,BR,2022-04-11 14:51:39,-3.3542,-64.7114,86.11,70,20,6.91
209,Liverpool,GB,2022-04-11 14:51:39,53.4106,-2.9779,61.61,47,40,16.11
210,Santa Maria,BR,2022-04-11 14:51:39,-29.6842,-53.8069,72.7,68,75,6.91
211,Mitsamiouli,KM,2022-04-11 14:51:40,-11.3847,43.2844,89.89,62,20,6.91
212,Atar,MR,2022-04-11 14:51:40,20.5169,-13.0499,100.08,5,36,10.78
213,Konevo,RU,2022-04-11 14:51:40,62.1215,39.3192,39.09,97,100,4.94
214,Kayerkan,RU,2022-04-11 14:51:41,69.3497,87.7602,-7.29,96,6,5.95
215,Lorengau,PG,2022-04-11 14:51:41,-2.0226,147.2712,82.31,77,9,11.32
216,Fortuna,US,2022-04-11 14:51:41,40.5982,-124.1573,45.66,90,75,17.27
217,Mahebourg,MU,2022-04-11 14:47:55,-20.4081,57.7,77.29,88,75,11.5
218,Huarmey,PE,2022-04-11 14:51:42,-10.0681,-78.1522,71.62,80,78,9.71
219,Olafsvik,IS,2022-04-11 14:50:40,64.8945,-23.7142,35.04,75,13,22.24
220,Faya,SA,2022-04-11 14:51:42,18.3851,42.4509,77.11,42,3,11.95
221,Olavarria,AR,2022-04-11 14:47:46,-36.8927,-60.3225,59.02,98,100,11.9
222,Moreira Sales,BR,2022-04-11 14:51:19,-24.0622,-53.0069,79.86,74,100,14.74
223,Mikuni,JP,2022-04-11 14:51:43,36.2171,136.1519,57.11,69,62,7.76
224,Ugoofaaru,MV,2022-04-11 14:51:43,5.6667,73.0,84.87,72,24,11.1
225,San Cristobal,VE,2022-04-11 14:51:44,7.7669,-72.225,69.98,48,41,6.89
226,Kaeo,NZ,2022-04-11 14:46:45,-35.1,173.7833,67.32,86,100,11.27
227,Grants Pass,US,2022-04-11 14:51:44,42.439,-123.3284,39.36,86,75,8.05
228,Martapura,ID,2022-04-11 14:52:44,-3.4167,114.85,78.89,89,11,2.3
229,Laguna,US,2022-04-11 14:52:45,38.421,-121.4238,52.09,80,100,13.8
230,Colares,PT,2022-04-11 14:52:45,38.7992,-9.4469,64.29,64,75,25.01
231,Hobart,AU,2022-04-11 14:52:41,-42.8794,147.3294,52.23,78,75,11.5
232,Yantikovo,RU,2022-04-11 14:52:46,55.8216,47.9104,48.92,99,100,6.76
233,Nagato,JP,2022-04-11 14:52:46,34.3833,131.2,60.21,89,46,14.54
234,Taltal,CL,2022-04-11 14:52:46,-25.4,-70.4833,66.0,62,0,5.99
235,Saint-Denis,FR,2022-04-11 14:52:47,48.9167,2.3333,68.5,40,0,12.66
236,Cabo San Lucas,MX,2022-04-11 14:48:40,22.8909,-109.9124,70.61,71,97,5.99
237,Husavik,IS,2022-04-11 14:52:47,66.0449,-17.3389,32.47,88,72,3.98
238,Port-Cartier,CA,2022-04-11 14:52:47,50.0334,-66.8654,44.82,95,12,12.41
239,Cooma,AU,2022-04-11 14:52:48,-36.2333,149.1333,47.97,100,100,5.75
240,Kruisfontein,ZA,2022-04-11 14:52:48,-34.0033,24.7314,75.88,64,45,16.46
241,Roald,NO,2022-04-11 14:52:48,62.5833,6.1333,42.1,75,75,9.22
242,Polunochnoye,RU,2022-04-11 14:52:49,60.8697,60.4153,35.74,99,75,3.0
243,Ystad,SE,2022-04-11 14:52:49,55.4297,13.8204,48.36,57,23,14.61
244,San Jose De Guanipa,VE,2022-04-11 14:52:49,8.8872,-64.1651,88.5,45,78,14.45
245,Pinerovka,RU,2022-04-11 14:52:50,51.562,43.0689,62.71,60,48,12.28
246,Saint-Augustin,CA,2022-04-11 14:52:50,51.226,-58.6502,35.44,92,84,19.19
247,Primorsko,BG,2022-04-11 14:52:50,42.2667,27.7667,52.27,63,100,9.91
248,Ahipara,NZ,2022-04-11 14:49:16,-35.1667,173.1667,63.1,90,100,7.81
249,Byron Bay,AU,2022-04-11 14:52:51,-28.65,153.6167,66.09,89,16,6.98
250,Wuning,CN,2022-04-11 14:52:51,29.2589,120.2311,70.74,62,0,4.0
251,Bonthe,SL,2022-04-11 14:52:51,7.5264,-12.505,87.53,63,87,14.14
252,Edson,CA,2022-04-11 14:52:52,53.5835,-116.4356,19.54,68,100,10.36
253,Fagersta,SE,2022-04-11 14:52:52,60.0042,15.7932,46.44,69,30,6.58
254,Torbay,CA,2022-04-11 14:52:52,47.6666,-52.7314,37.58,96,100,13.8
255,Seminole,US,2022-04-11 14:52:53,28.7086,-81.2081,75.42,61,0,8.05
256,Erenhot,CN,2022-04-11 14:52:53,43.6475,111.9767,40.71,36,34,5.06
257,Montego Bay,JM,2022-04-11 14:52:53,18.4712,-77.9188,84.78,74,75,19.57
258,Rocha,UY,2022-04-11 14:50:27,-34.4833,-54.3333,68.79,93,100,12.46
259,Bokaa,BW,2022-04-11 14:52:54,-24.45,26.0167,68.49,83,75,2.3
260,Sorland,NO,2022-04-11 14:52:54,67.667,12.6934,40.21,78,18,13.76
261,Ganzhou,CN,2022-04-11 14:52:54,28.8184,115.4327,75.29,61,6,2.59
262,Maarianhamina,AX,2022-04-11 14:52:55,60.0973,19.9348,44.46,53,0,5.75
263,Rovaniemi,FI,2022-04-11 14:50:29,66.5,25.7167,35.01,93,100,11.5
264,Ust-Nera,RU,2022-04-11 14:52:55,64.5667,143.2,-10.88,95,27,3.4
265,Berlevag,NO,2022-04-11 14:52:55,70.8578,29.0864,35.55,75,75,6.91
266,Abu Dhabi,AE,2022-04-11 14:52:56,24.4667,54.3667,87.82,61,0,9.22
267,Roebourne,AU,2022-04-11 14:52:56,-20.7833,117.1333,84.97,28,3,11.9
268,Tezu,IN,2022-04-11 14:52:57,27.9167,96.1667,66.63,90,22,3.18
269,Nieuw Amsterdam,SR,2022-04-11 14:52:57,5.8833,-55.0833,84.02,84,75,8.05
270,Miandrivazo,MG,2022-04-11 14:52:57,-19.5167,45.4667,84.38,55,100,6.69
271,Reichenau,PL,2022-04-11 14:52:58,50.9075,14.9563,55.87,43,93,4.0
272,Paita,PE,2022-04-11 14:52:58,-5.0892,-81.1144,74.35,73,98,11.45
273,Maracaju,BR,2022-04-11 14:52:59,-21.6144,-55.1683,89.33,47,1,15.52
274,Idah,NG,2022-04-11 14:53:59,7.1065,6.7342,101.7,27,51,6.22
275,Moron,AR,2022-04-11 14:50:06,-34.6534,-58.6198,72.01,85,100,4.9
276,Kurilsk,RU,2022-04-11 14:53:59,45.2333,147.8833,34.59,95,100,11.77
277,Alofi,NU,2022-04-11 14:54:00,-19.0595,-169.9187,73.29,94,40,1.14
278,Te Anau,NZ,2022-04-11 14:54:00,-45.4167,167.7167,51.3,97,100,3.0
279,Ascension,US,2022-04-11 14:54:00,30.2169,-90.9001,73.09,80,40,9.22
280,Palmas,BR,2022-04-11 14:52:21,-10.2128,-48.3603,87.67,66,40,3.44
281,Chokurdakh,RU,2022-04-11 14:54:01,70.6333,147.9167,-2.72,95,100,7.74
282,Khani,GE,2022-04-11 14:54:01,41.9563,42.9566,72.97,65,7,8.1
283,Camocim,BR,2022-04-11 14:54:01,-2.9022,-40.8411,82.99,79,98,6.29
284,Najran,SA,2022-04-11 14:54:02,17.4924,44.1277,93.85,12,1,16.28
285,Nantucket,US,2022-04-11 14:54:02,41.2835,-70.0995,52.02,64,5,12.24
286,Port Lincoln,AU,2022-04-11 14:54:02,-34.7333,135.8667,62.47,74,100,14.47
287,Dunedin,NZ,2022-04-11 14:54:03,-45.8742,170.5036,57.79,72,100,11.99
288,Annau,TM,2022-04-11 14:54:03,37.8876,58.516,69.3,56,20,4.61
289,Mahajanga,MG,2022-04-11 14:54:03,-15.7167,46.3167,89.62,55,20,5.75
290,Hithadhoo,MV,2022-04-11 14:54:04,-0.6,73.0833,84.45,66,22,12.86
291,Novosokolniki,RU,2022-04-11 14:54:04,56.3463,30.1578,46.63,46,100,3.06
292,Lata,PT,2022-04-11 14:54:04,40.1629,-8.3327,58.82,68,84,11.81
293,Severo-Kurilsk,RU,2022-04-11 14:54:05,50.6789,156.125,26.38,79,38,9.13
294,Souris,CA,2022-04-11 14:54:05,49.6172,-100.2612,31.73,48,12,15.82
295,Likasi,CD,2022-04-11 14:54:05,-10.9814,26.7333,69.71,86,71,3.98
296,Margate,GB,2022-04-11 14:54:06,51.3813,1.3862,59.88,62,100,5.99
297,Bay Roberts,CA,2022-04-11 14:54:06,47.5999,-53.2648,38.34,92,100,5.01
298,Flinders,AU,2022-04-11 14:54:06,-34.5833,150.8552,64.18,88,100,5.01
299,Yulara,AU,2022-04-11 14:54:07,-25.2406,130.9889,71.44,23,16,6.91
300,Adrar,MR,2022-04-11 14:54:07,20.5022,-10.0711,101.37,4,2,13.18
301,Paragominas,BR,2022-04-11 14:51:09,-2.9667,-47.4833,86.85,66,82,2.08
302,Gorontalo,ID,2022-04-11 14:54:08,0.5412,123.0595,76.24,90,95,1.63
303,Plettenberg Bay,ZA,2022-04-11 14:54:08,-34.0527,23.3716,70.79,74,29,12.66
304,Yahotyn,UA,2022-04-11 14:54:08,50.2798,31.7625,44.76,74,100,15.41
305,Zheleznodorozhnyy,RU,2022-04-11 14:54:09,55.7503,38.0042,39.42,97,100,7.52
306,Castro,BR,2022-04-11 14:49:20,-24.7911,-50.0119,77.05,56,59,6.71
307,Pangnirtung,CA,2022-04-11 14:54:10,66.1451,-65.7125,15.8,67,20,5.75
308,Nouadhibou,MR,2022-04-11 14:49:21,20.931,-17.0347,71.58,64,43,20.71
309,Saint Anthony,US,2022-04-11 14:54:10,45.0205,-93.218,48.92,64,10,5.01
310,Narsaq,GL,2022-04-11 14:54:12,60.9167,-46.05,37.94,39,48,8.84
311,Riverton,US,2022-04-11 14:54:12,40.5219,-111.9391,47.86,34,75,20.0
312,Bundaberg,AU,2022-04-11 14:54:12,-24.85,152.35,68.29,94,1,5.75
313,Sinazongwe,ZM,2022-04-11 14:54:13,-17.2614,27.4618,79.77,61,90,5.57
314,Ferme-Neuve,CA,2022-04-11 14:54:13,46.7001,-75.4493,41.29,59,49,4.41
315,Omsukchan,RU,2022-04-11 14:54:13,62.5333,155.8,-20.0,100,73,4.12
316,Port Blair,IN,2022-04-11 14:54:14,11.6667,92.75,80.64,78,40,2.3
317,Lebedyn,UA,2022-04-11 14:54:14,50.5852,34.4849,40.75,89,100,14.41
318,Banda Aceh,ID,2022-04-11 14:54:14,5.5577,95.3222,81.52,77,99,7.14
319,Spearfish,US,2022-04-11 14:54:14,44.4908,-103.8594,37.11,57,0,3.0
320,Kaspiyskiy,RU,2022-04-11 14:54:15,45.3929,47.3707,53.94,75,65,14.74
321,Sitka,US,2022-04-11 14:54:15,57.0531,-135.33,32.54,44,0,17.18
322,Havre-Saint-Pierre,CA,2022-04-11 14:55:15,50.2334,-63.5986,44.96,57,100,18.41
323,Dinguiraye,GN,2022-04-11 14:55:16,11.3,-10.7167,104.86,15,99,3.85
324,Kralendijk,BQ,2022-04-11 14:55:16,12.15,-68.2667,78.85,84,86,18.43
325,Wanning,CN,2022-04-11 14:55:17,18.8003,110.3967,74.35,91,5,4.29
326,Waraseoni,IN,2022-04-11 14:55:17,21.75,80.0333,95.47,13,44,3.42
327,Kirkenaer,NO,2022-04-11 14:53:56,60.4564,12.0582,43.43,42,95,5.95
328,Palimbang,PH,2022-04-11 14:55:17,6.2106,124.1894,78.37,88,100,8.12
329,Challans,FR,2022-04-11 14:55:18,46.8436,-1.8749,70.72,73,66,14.12
330,La Romana,DO,2022-04-11 14:55:18,18.4273,-68.9728,84.56,58,40,8.05
331,Mogadishu,SO,2022-04-11 14:50:46,2.0371,45.3438,82.87,74,99,13.53
332,Yomou,GN,2022-04-11 14:55:18,7.5603,-9.2653,95.65,34,38,6.08
333,Pechora,RU,2022-04-11 14:55:19,65.1472,57.2244,36.14,99,100,9.93
334,Katsuura,JP,2022-04-11 14:55:19,35.1333,140.3,61.97,88,100,12.55
335,Springbok,ZA,2022-04-11 14:55:19,-29.6643,17.8865,78.35,22,1,7.29
336,Bereda,ES,2022-04-11 14:55:20,43.2686,-7.5406,53.58,100,100,6.35
337,Xining,CN,2022-04-11 14:55:20,36.6167,101.7667,41.92,30,92,6.98
338,Bretcu,RO,2022-04-11 14:55:20,46.05,26.3,39.63,81,100,3.74
339,Rudnyy,KZ,2022-04-11 14:55:21,52.9594,63.1206,47.17,57,100,15.26
340,Beyneu,KZ,2022-04-11 14:55:21,45.3167,55.2,67.41,38,0,2.64
341,Pocatello,US,2022-04-11 14:55:21,42.8713,-112.4455,34.48,83,100,11.99
342,Preobrazheniye,RU,2022-04-11 14:55:22,42.9019,133.9064,43.47,81,100,4.68
343,Atbasar,KZ,2022-04-11 14:55:22,51.8,68.3333,47.57,49,100,17.45
344,Asau,RO,2022-04-11 14:50:27,46.4333,26.4,47.32,53,100,8.21
345,Placido De Castro,BR,2022-04-11 14:55:22,-10.3353,-67.1856,85.66,60,47,5.41
346,Andenes,NO,2022-04-11 14:55:23,69.3143,16.1194,37.38,81,75,17.27
347,Sydney Mines,CA,2022-04-11 14:55:23,46.2367,-60.2177,41.77,83,100,13.0
348,Bubaque,GW,2022-04-11 14:55:23,11.2833,-15.8333,77.4,65,14,12.01
349,Belaya Kholunitsa,RU,2022-04-11 14:55:24,58.84,50.8528,40.42,99,100,6.31
350,Baykit,RU,2022-04-11 14:55:24,61.67,96.37,14.29,95,66,3.89
351,Olinda,BR,2022-04-11 14:55:24,-8.0089,-34.8553,85.73,54,40,6.91
352,Biak,ID,2022-04-11 14:55:25,-0.9131,122.8766,76.5,73,56,2.71
353,Cherskiy,RU,2022-04-11 14:51:55,68.75,161.3,-13.88,97,98,7.78
354,Udachnyy,RU,2022-04-11 14:55:25,66.4167,112.4,16.11,97,100,0.96
355,Iralaya,HN,2022-04-11 14:55:25,15.0,-83.2333,80.06,80,20,13.13
356,Diapaga,BF,2022-04-11 14:55:26,12.0708,1.7889,102.33,20,100,5.46
357,Ketchikan,US,2022-04-11 14:55:26,55.3422,-131.6461,37.87,70,100,11.5
358,Acari,PE,2022-04-11 14:55:27,-15.4311,-74.6158,76.06,58,40,8.05
359,Poddorye,RU,2022-04-11 14:55:27,57.4695,31.1156,43.61,74,99,2.51
360,Upata,VE,2022-04-11 14:55:27,8.0086,-62.3989,85.08,52,100,8.68
361,Port Moresby,PG,2022-04-11 14:50:39,-9.4431,147.1797,76.42,88,20,8.05
362,Sturgis,US,2022-04-11 14:55:28,41.7992,-85.4192,62.94,44,0,12.66
363,Barrow,US,2022-04-11 14:55:28,71.2906,-156.7887,21.22,86,100,9.22
364,Khandyga,RU,2022-04-11 14:55:28,62.6667,135.6,17.33,89,100,4.59
365,Cabo Rojo,PR,2022-04-11 14:55:29,18.0866,-67.1457,87.08,64,13,1.99
366,Kita,ML,2022-04-11 14:55:29,13.0349,-9.4895,109.9,7,42,2.26
367,Eisiskes,LT,2022-04-11 14:55:29,54.1667,25.0,46.51,42,99,7.83
368,Lazaro Cardenas,MX,2022-04-11 14:55:30,17.9583,-102.2,80.35,61,100,3.62
369,Mazagao,BR,2022-04-11 14:56:30,-0.115,-51.2894,87.85,70,61,4.05
370,Puerto Plata,DO,2022-04-11 14:56:30,19.7934,-70.6884,84.45,74,40,9.22
371,Hoquiam,US,2022-04-11 14:56:30,46.9809,-123.8893,39.0,91,100,6.91
372,Uinskoye,RU,2022-04-11 14:56:31,56.8817,56.5813,41.85,97,38,4.41
373,Balsas,BR,2022-04-11 14:56:31,-7.5325,-46.0356,89.4,57,3,2.1
374,Kosonsoy,UZ,2022-04-11 14:56:31,41.2561,71.5508,68.56,29,100,1.7
375,Watsa,CD,2022-04-11 14:56:32,3.0372,29.5355,73.02,84,97,2.51
376,Katwijk,NL,2022-04-11 14:56:32,52.1942,4.4222,60.94,45,99,13.35
377,Saldanha,ZA,2022-04-11 14:56:32,-33.0117,17.9442,84.25,53,0,10.6
378,Vallenar,CL,2022-04-11 14:56:33,-28.5708,-70.7581,69.87,39,0,4.21
379,Lompoc,US,2022-04-11 14:56:33,34.6391,-120.4579,53.13,73,20,20.0
380,Viedma,AR,2022-04-11 14:56:33,-40.8135,-62.9967,54.48,74,100,9.57
381,Port-Gentil,GA,2022-04-11 14:56:34,-0.7193,8.7815,85.96,74,20,13.8
382,Sandakan,MY,2022-04-11 14:56:34,5.8402,118.1179,82.08,88,40,2.3
383,Usinsk,RU,2022-04-11 14:56:34,65.9939,57.5281,34.57,100,100,10.36
384,Nizhniy Kuranakh,RU,2022-04-11 14:56:35,58.8353,125.4869,9.61,97,92,0.4
385,Surok,RU,2022-04-11 14:56:35,56.4469,48.1214,44.67,96,93,7.81
386,Kuruman,ZA,2022-04-11 14:56:35,-27.4524,23.4325,68.99,40,44,8.25
387,Teahupoo,PF,2022-04-11 14:55:09,-17.8333,-149.2667,69.76,77,31,12.95
388,Cap-Aux-Meules,CA,2022-04-11 14:56:36,47.3821,-61.8597,35.65,80,75,16.11
389,Bada,RU,2022-04-11 14:56:36,51.392,109.8717,22.55,83,68,2.62
390,Cayenne,GF,2022-04-11 14:56:36,4.9333,-52.3333,86.04,1,75,14.97
391,Dunajska Streda,SK,2022-04-11 14:56:37,47.9927,17.6121,56.1,39,53,3.56
392,Ulladulla,AU,2022-04-11 14:56:37,-35.35,150.4667,59.9,92,100,11.92
393,Richards Bay,ZA,2022-04-11 14:54:27,-28.783,32.0377,68.14,95,100,4.18
394,Ilulissat,GL,2022-04-11 14:56:37,69.2167,-51.1,26.17,65,100,0.94
395,Katherine,AU,2022-04-11 14:56:38,-14.4667,132.2667,80.92,47,40,5.75
396,Elat,IL,2022-04-11 14:54:26,29.5581,34.9482,93.04,22,0,6.91
397,Westport,US,2022-04-11 14:56:39,41.1415,-73.3579,54.46,48,0,8.01
398,Colchester,GB,2022-04-11 14:52:47,51.8892,0.9042,58.75,66,100,18.05
399,Padang,ID,2022-04-11 14:56:40,-0.9492,100.3543,79.18,86,100,2.13
400,Aasiaat,GL,2022-04-11 14:56:40,68.7098,-52.8699,25.21,71,100,5.66
401,Nishihara,JP,2022-04-11 14:54:25,26.1842,127.7558,73.06,94,75,11.5
402,Mucuri,BR,2022-04-11 14:56:40,-18.0864,-39.5508,80.46,77,43,3.6
403,Baruun-Urt,MN,2022-04-11 14:56:41,46.6806,113.2792,35.13,27,86,1.32
404,Korgen,NO,2022-04-11 14:56:41,66.0771,13.8153,43.12,88,61,4.79
405,Palpa,PE,2022-04-11 14:56:41,-14.5336,-75.1856,78.75,48,10,5.26
406,Quelimane,MZ,2022-04-11 14:56:42,-17.8786,36.8883,87.75,66,40,4.61
407,Shieli,KZ,2022-04-11 14:56:42,44.1667,66.75,73.24,31,94,11.83
408,San Vicente,AR,2022-04-11 14:56:42,-26.6167,-54.1333,62.76,99,100,4.09
409,Talara,PE,2022-04-11 14:56:43,-4.5772,-81.2719,75.96,69,0,18.41
410,Kuryk,KZ,2022-04-11 14:56:43,43.2,51.65,58.33,61,32,9.51
411,Homer,US,2022-04-11 14:53:53,59.6425,-151.5483,34.81,59,11,5.99
412,Mao,ES,2022-04-11 14:56:44,39.8885,4.2658,61.36,72,0,19.57
413,Konstantinovskiy,RU,2022-04-11 14:56:44,57.8301,39.5899,38.91,98,100,6.98
414,Takoradi,GH,2022-04-11 14:57:44,4.8845,-1.7554,86.41,66,96,11.99
415,Imbituba,BR,2022-04-11 14:57:45,-28.24,-48.6703,76.82,91,100,8.41
416,Puerto Colombia,CO,2022-04-11 14:57:45,10.9878,-74.9547,86.09,70,100,15.79
417,Kahama,TZ,2022-04-11 14:57:46,-3.8333,32.6,77.94,56,93,4.54
418,La Rioja,ES,2022-04-11 14:57:46,42.25,-2.5,60.58,36,100,12.08
419,Dera Bugti,PK,2022-04-11 14:57:46,29.0307,69.151,91.35,12,100,6.26
420,Fallon,US,2022-04-11 14:57:47,39.4735,-118.7774,48.45,47,75,6.91
421,Esperance,AU,2022-04-11 14:57:47,-33.8667,121.9,62.44,93,100,10.56
422,Alice Springs,AU,2022-04-11 14:55:26,-23.7,133.8833,80.15,34,100,4.61
423,Hamilton,US,2022-04-11 14:57:48,39.1834,-84.5333,62.69,76,100,18.41
424,Taoudenni,ML,2022-04-11 14:57:48,22.6783,-3.9836,97.75,3,41,6.08
425,Matasari,RO,2022-04-11 14:57:48,44.85,23.0833,51.84,36,91,10.63
426,Iqaluit,CA,2022-04-11 14:57:48,63.7506,-68.5145,15.53,72,20,15.01
427,Kahului,US,2022-04-11 14:57:49,20.8947,-156.47,73.85,93,97,5.01
428,Haines Junction,CA,2022-04-11 14:57:49,60.7522,-137.5108,19.35,68,100,4.61
429,Stephenville,US,2022-04-11 14:57:50,32.2207,-98.2023,73.24,78,100,14.97
430,Ralivka,UA,2022-04-11 14:57:50,49.5005,23.2406,45.9,55,97,10.0
431,Mayaguez,PR,2022-04-11 14:57:50,18.2011,-67.1396,87.13,64,15,2.01
432,Bardsir,IR,2022-04-11 14:57:51,29.9227,56.5743,68.88,4,92,11.54
433,Novikovo,RU,2022-04-11 14:57:51,51.1537,37.8879,64.69,54,100,7.58
434,Meulaboh,ID,2022-04-11 14:56:21,4.1363,96.1285,76.82,89,93,8.55
435,Goderich,CA,2022-04-11 14:57:51,43.7501,-81.7165,46.9,75,100,17.27
436,Kasongo,CD,2022-04-11 14:57:52,-4.45,26.6667,76.55,83,100,4.12
437,Balotra,IN,2022-04-11 14:57:52,25.8333,72.2333,90.37,13,100,13.98
438,Impfondo,CG,2022-04-11 14:57:52,1.6381,18.0667,87.71,51,88,3.06
439,Hay River,CA,2022-04-11 14:57:53,60.8156,-115.7999,10.38,79,75,11.5
440,Alto Longa,BR,2022-04-11 14:57:53,-5.2511,-42.2103,85.01,68,97,1.36
441,Serenje,ZM,2022-04-11 14:57:53,-13.2325,30.2352,67.19,88,50,7.85
442,Atasu,KZ,2022-04-11 14:53:44,48.6814,71.6433,49.71,39,34,16.6
443,Sao Joao Da Barra,BR,2022-04-11 14:57:54,-21.6403,-41.0511,84.29,66,9,7.67
444,Igrim,RU,2022-04-11 14:57:54,63.1906,64.4162,36.12,100,100,5.57
445,Marawi,PH,2022-04-11 14:57:54,7.9986,124.2928,68.5,91,100,4.81
446,Ati,TD,2022-04-11 14:57:55,13.2154,18.3353,105.55,13,37,8.01
447,Bangkalan,ID,2022-04-11 14:57:55,-7.0455,112.7351,84.15,82,42,3.31
448,Snezhnogorsk,RU,2022-04-11 14:57:56,69.1933,33.2531,35.38,89,76,4.45
449,Lavrentiya,RU,2022-04-11 14:57:56,65.5833,-171.0,13.28,100,98,4.36
450,Mangaratiba,BR,2022-04-11 14:57:56,-22.9597,-44.0406,81.46,71,20,7.16
451,Lerwick,GB,2022-04-11 14:57:56,60.1545,-1.1494,42.8,63,100,14.88
452,Oktyabrskiy,RU,2022-04-11 14:57:57,54.4815,53.471,43.05,98,17,4.54
453,Batagay-Alyta,RU,2022-04-11 14:57:57,67.8006,130.4114,-7.73,94,89,6.13
454,Phan Thiet,VN,2022-04-11 14:57:57,10.9333,108.1,77.45,83,62,4.34
455,Promyshlennaya,RU,2022-04-11 14:57:58,54.9159,85.6385,32.95,84,66,2.95
456,Tingi,TZ,2022-04-11 14:57:58,-11.3,35.0333,68.49,90,91,2.28
457,Ancud,CL,2022-04-11 14:57:58,-41.8697,-73.8203,51.22,85,100,8.08
458,Baracoa,CU,2022-04-11 14:57:59,20.3467,-74.4958,77.22,82,92,13.27
459,Tarakan,ID,2022-04-11 14:58:59,3.3,117.6333,81.9,78,75,2.3
460,Veraval,IN,2022-04-11 14:56:56,20.9,70.3667,82.35,73,100,10.83
461,Kailua,US,2022-04-11 14:58:59,21.4022,-157.7394,74.14,84,68,4.0
462,Conakry,GN,2022-04-11 14:59:00,9.538,-13.6773,89.67,55,99,11.5
463,Kempele,FI,2022-04-11 14:59:00,64.9131,25.5034,37.42,56,40,11.5
464,Marovoay,MG,2022-04-11 14:59:00,-16.1,46.6333,82.24,68,91,4.97
465,Manzil Salim,TN,2022-04-11 14:59:01,35.8567,8.4765,76.32,26,87,11.36
466,Mount Isa,AU,2022-04-11 14:59:01,-20.7333,139.5,82.17,28,12,5.75
467,Vung Tau,VN,2022-04-11 14:59:02,10.346,107.0843,80.71,78,41,10.54
468,Reconquista,AR,2022-04-11 14:59:02,-29.15,-59.65,68.13,96,100,5.12
469,Sambava,MG,2022-04-11 14:59:02,-14.2667,50.1667,78.62,82,36,13.71
470,At-Bashi,KG,2022-04-11 14:59:03,41.1702,75.8106,57.45,35,100,4.41
471,Pleshanovo,RU,2022-04-11 14:59:03,52.8333,53.4833,52.21,74,89,9.33
472,Thanh Hoa,VN,2022-04-11 14:59:05,19.8,105.7667,73.06,90,93,4.32
473,Coquimbo,CL,2022-04-11 14:59:05,-29.9533,-71.3436,55.13,94,75,9.22
474,Cardston,CA,2022-04-11 14:59:05,49.2,-113.3019,16.09,67,27,3.44
475,Linares,CL,2022-04-11 14:59:06,-35.85,-71.6,58.26,47,49,6.69
476,Pahrump,US,2022-04-11 14:59:06,36.2083,-115.9839,57.25,21,96,8.99
477,Batagay,RU,2022-04-11 14:59:06,67.6333,134.6333,-4.27,99,85,4.56
478,El Dorado,US,2022-04-11 14:57:49,38.7666,-120.5177,39.56,96,100,1.99
479,Maldonado,UY,2022-04-11 14:59:07,-34.6667,-54.9167,69.19,93,99,12.21
480,Broken Hill,AU,2022-04-11 14:56:31,-31.95,141.4333,67.71,52,0,9.22
481,Mount Gambier,AU,2022-04-11 14:59:07,-37.8333,140.7667,46.31,81,93,0.0
482,Eureka,US,2022-04-11 14:56:14,40.8021,-124.1637,44.26,50,100,8.99
483,Ippy,CF,2022-04-11 14:59:08,6.2679,21.2247,88.23,38,94,8.41
484,Port Augusta,AU,2022-04-11 14:59:08,-32.5,137.7667,69.87,56,5,6.67
485,Bondo,CD,2022-04-11 14:59:09,3.8146,23.6866,81.54,57,100,3.74
486,Varhaug,NO,2022-04-11 14:59:09,58.6147,5.6457,45.95,67,100,16.82
487,Tautira,PF,2022-04-11 14:59:10,-17.7333,-149.15,79.86,77,29,11.99
488,Paamiut,GL,2022-04-11 14:59:10,61.994,-49.6678,32.41,70,100,10.22
489,Nikolsk,RU,2022-04-11 14:59:10,53.7189,46.0712,55.62,78,42,5.97
490,Bulawayo,ZW,2022-04-11 14:59:11,-20.15,28.5833,71.35,57,100,7.14
491,Talcahuano,CL,2022-04-11 14:59:11,-36.7167,-73.1167,51.48,76,0,3.44
492,Anau,PF,2022-04-11 14:59:12,-16.5167,-151.7333,82.06,67,40,14.47
493,Pauini,BR,2022-04-11 14:59:12,-7.7136,-66.9764,82.58,78,100,3.42
494,Lovington,US,2022-04-11 14:59:13,32.944,-103.3485,67.75,23,3,10.09
495,Nuuk,GL,2022-04-11 14:59:13,64.1835,-51.7216,31.87,63,100,5.99
496,Mahibadhoo,MV,2022-04-11 14:59:13,3.7833,72.9667,84.69,72,49,13.51
497,Ambilobe,MG,2022-04-11 14:54:20,-13.2,49.05,78.98,78,68,3.13
498,Bandarbeyla,SO,2022-04-11 14:59:14,9.4942,50.8122,82.58,70,4,9.78
499,Ciudad Bolivar,VE,2022-04-11 14:59:14,8.1222,-63.5497,90.14,43,98,11.34
500,Rockhampton,AU,2022-04-11 14:59:15,-23.3833,150.5,71.49,83,40,4.61
501,Taree,AU,2022-04-11 14:59:15,-31.9,152.4667,67.93,94,40,6.91
502,Camopi,GF,2022-04-11 14:59:15,3.1655,-52.3158,82.44,77,98,5.59
503,Barra Do Corda,BR,2022-04-11 14:59:16,-5.5,-45.25,85.71,70,97,3.56
504,Santa Cruz,BO,2022-04-11 14:59:16,-17.8,-63.1667,83.66,65,40,23.02
505,Portobelo,PA,2022-04-11 14:59:17,9.55,-79.65,83.95,78,100,14.2
506,Belmonte,BR,2022-04-11 14:59:17,-15.8631,-38.8828,85.1,57,46,6.58
507,Srednekolymsk,RU,2022-04-11 14:56:53,67.45,153.6833,-13.11,100,38,4.54
508,Ossora,RU,2022-04-11 14:59:17,59.2353,163.0719,18.95,94,100,8.41
509,Tarko-Sale,RU,2022-04-11 15:00:18,64.9225,77.785,33.98,100,100,10.69
510,Sinnamary,GF,2022-04-11 15:00:19,5.3833,-52.95,79.83,85,99,12.8
511,Sisimiut,GL,2022-04-11 15:00:19,66.9395,-53.6735,32.43,62,100,7.16
512,Garissa,KE,2022-04-11 15:00:20,-0.4536,39.6401,97.48,26,65,5.44
513,Sobolevo,RU,2022-04-11 15:00:21,54.4299,31.8996,45.45,48,98,9.93
514,Maracacume,BR,2022-04-11 15:00:22,-2.0428,-45.9592,86.29,67,99,1.05
515,Kiama,AU,2022-04-11 15:00:23,-34.6833,150.8667,64.38,92,100,3.0
516,Kaitangata,NZ,2022-04-11 15:00:23,-46.2817,169.8464,51.17,95,99,7.83
517,Sao Sebastiao,BR,2022-04-11 15:00:24,-23.76,-45.4097,80.44,69,77,5.64
518,Piacabucu,BR,2022-04-11 15:00:24,-10.4056,-36.4344,83.64,64,100,8.37
519,Kijang,KR,2022-04-11 15:00:25,35.2442,129.2139,63.32,90,100,8.32
520,San Patricio,US,2022-04-11 15:00:26,28.017,-97.5169,77.09,74,100,18.23
521,Tabuk,PH,2022-04-11 15:00:27,17.4189,121.4443,74.44,91,97,2.57
522,Katima Mulilo,NA,2022-04-11 15:00:27,-17.5,24.2667,76.93,63,100,3.71
523,Kuching,MY,2022-04-11 15:00:28,1.55,110.3333,75.42,100,20,0.0
524,Ilhabela,BR,2022-04-11 15:00:28,-23.7781,-45.3581,79.0,72,74,6.62
525,Lewisporte,CA,2022-04-11 15:00:29,49.2499,-55.0482,33.55,98,100,20.58
526,Vrangel,RU,2022-04-11 15:00:29,42.7297,133.0839,40.3,90,100,1.95
527,Barcelos,PT,2022-04-11 15:00:30,41.5388,-8.6151,60.85,83,74,15.73
528,Ambulu,ID,2022-04-11 15:00:30,-8.345,113.6058,75.13,87,45,4.09
529,Trinidad,BO,2022-04-11 14:59:20,-14.8333,-64.9,87.78,66,40,14.97
530,Aljezur,PT,2022-04-11 15:00:31,37.3191,-8.8033,62.37,64,70,13.13
531,Qandala,SO,2022-04-11 15:00:32,11.472,49.8728,83.79,60,0,3.02
532,Amursk,RU,2022-04-11 15:00:32,50.2261,136.8994,27.16,91,44,9.73
533,Kautokeino,NO,2022-04-11 15:00:33,69.0125,23.0412,32.22,79,100,19.98
534,Fairbanks,US,2022-04-11 15:00:34,64.8378,-147.7164,24.82,84,100,1.01
535,Sampit,ID,2022-04-11 15:00:34,-2.5333,112.95,74.77,95,100,2.06
536,Mafinga,TZ,2022-04-11 15:00:35,-7.25,35.0667,77.76,60,98,3.67
537,Araouane,ML,2022-04-11 15:00:35,18.9048,-3.5265,104.18,4,1,12.19
538,Ternate,ID,2022-04-11 15:00:36,0.8,127.4,81.79,75,100,9.75
539,Dunafoldvar,HU,2022-04-11 15:00:37,46.808,18.9264,52.84,37,90,9.55
540,Vardo,NO,2022-04-11 15:00:38,70.3705,31.1107,33.53,98,100,9.86
541,Asyut,EG,2022-04-11 15:00:38,27.181,31.1837,89.56,10,32,19.95
542,Broome,US,2022-04-11 15:00:38,42.2506,-75.833,48.61,57,63,4.0
543,Champerico,GT,2022-04-11 15:00:34,14.3,-91.9167,85.14,60,47,8.12
544,Simojovel,MX,2022-04-11 15:00:39,17.1391,-92.7103,83.44,49,19,0.89
545,Leesburg,US,2022-04-11 15:00:14,39.1157,-77.5636,56.01,54,0,6.91
546,Sovetskiy,RU,2022-04-11 15:00:39,61.3614,63.5842,38.41,99,93,7.07
547,Isangel,VU,2022-04-11 15:00:40,-19.55,169.2667,79.11,79,14,6.76
548,Tondano,ID,2022-04-11 15:00:40,1.3038,124.9112,68.09,91,100,3.09
549,Tecoanapa,MX,2022-04-11 15:00:41,16.5167,-98.75,83.41,57,71,3.33
550,Kalmar,SE,2022-04-11 15:00:41,56.6616,16.3616,51.15,53,40,9.22
551,Izumo,JP,2022-04-11 15:00:42,35.3667,132.7667,59.41,89,0,5.48
552,Darhan,MN,2022-04-11 15:00:42,49.4867,105.9228,36.1,39,100,5.39
553,Wilmington,US,2022-04-11 14:59:59,34.2257,-77.9447,74.98,44,3,5.99
554,Emba,KZ,2022-04-11 15:01:43,48.8264,58.1442,58.69,60,88,3.29
555,Evensk,RU,2022-04-11 14:57:24,61.95,159.2333,5.0,76,100,11.68
556,Verkhniy Mamon,RU,2022-04-11 15:01:43,50.1635,40.3832,65.44,46,49,11.83
557,Obo,CF,2022-04-11 15:01:44,5.3998,26.4869,76.71,66,100,2.06
558,Talnakh,RU,2022-04-11 15:01:44,69.4865,88.3972,-4.9,94,6,5.91
559,Wicklow,IE,2022-04-11 15:01:44,53.0,-6.4167,47.46,86,100,9.84
560,Gurupi,BR,2022-04-11 14:58:36,-11.7292,-49.0686,88.3,58,2,4.65
561,Abonnema,NG,2022-04-11 15:01:45,4.7084,6.7931,90.77,52,78,9.4
562,Quatre Cocos,MU,2022-04-11 15:01:45,-20.2078,57.7625,75.09,78,45,18.39
563,Coihaique,CL,2022-04-11 15:01:45,-45.5752,-72.0662,45.07,95,100,6.55
564,San Ignacio,BZ,2022-04-11 15:01:46,17.1561,-89.0714,78.6,76,95,5.66
565,Asfi,MA,2022-04-11 15:00:12,32.2994,-9.2372,63.82,82,100,19.3
